{
  "project_info": {
    "project_number": "446705595333",
    "firebase_url": "https://ikuzo-e6c82-default-rtdb.firebaseio.com",
    "project_id": "ikuzo-e6c82",
    "storage_bucket": "ikuzo-e6c82.firebasestorage.app"
  },
  "client": [
    {
      "client_info": {
        "mobilesdk_app_id": "1:446705595333:android:ee30457939e81a5e1f11ac",
        "android_client_info": {
          "package_name": "com.example.ikuzo"
        }
      },
      "oauth_client": [],
      "api_key": [
        {
          "current_key": "AIzaSyAXl-ZJq0x3R3ILFz-qY8oC33vcVQ52hVM"
        }
      ],
      "services": {
        "appinvite_service": {
          "other_platform_oauth_client": []
        }
      }
    }
  ],
  "configuration_version": "1"
}